year,stock,capture,effort
1950,Artemesia longinaris,400,89236290.32
1950,Brevoortia aurea,500,89236290.32
1950,Callorhinchus callorynchus,400,89236290.32
1950,Cynoscion guatucupa,1200,89236290.32
1950,Elasmobranchii,1700,89236290.32
1950,Galeorhinus galeus,500,89236290.32
1950,Pagrus pagrus,300,89236290.32
1950,Percophis brasiliensis,1000,89236290.32
1950,Pogonias cromis,600,89236290.32
1950,Rajiformes,600,89236290.32
1950,Scomber colias,8400,89236290.32
1950,Zygochlamys patagonica,100,89236290.32
1951,Artemesia longinaris,600,89169823.3
1951,Brevoortia aurea,500,89169823.3
1951,Callorhinchus callorynchus,200,89169823.3
1951,Cynoscion guatucupa,600,89169823.3
1951,Elasmobranchii,1700,89169823.3
1951,Galeorhinus galeus,900,89169823.3
1951,Pagrus pagrus,200,89169823.3
1951,Percophis brasiliensis,1000,89169823.3
1951,Pogonias cromis,500,89169823.3
1951,Rajiformes,500,89169823.3
1951,Scomber colias,17500,89169823.3
1951,Zygochlamys patagonica,200,89169823.3
1952,Artemesia longinaris,400,90933503.94
1952,Brevoortia aurea,500,90933503.94
1952,Callorhinchus callorynchus,200,90933503.94
1952,Cynoscion guatucupa,700,90933503.94
1952,Elasmobranchii,1700,90933503.94
1952,Galeorhinus galeus,1400,90933503.94
1952,Pagrus pagrus,400,90933503.94
1952,Percophis brasiliensis,1000,90933503.94
1952,Pogonias cromis,700,90933503.94
1952,Rajiformes,500,90933503.94
1952,Scomber colias,18000,90933503.94
1952,Zygochlamys patagonica,300,90933503.94
1953,Artemesia longinaris,700,90876385.28
1953,Brevoortia aurea,600,90876385.28
1953,Callorhinchus callorynchus,200,90876385.28
1953,Cynoscion guatucupa,300,90876385.28
1953,Elasmobranchii,1700,90876385.28
1953,Galeorhinus galeus,2700,90876385.28
1953,Pagrus pagrus,500,90876385.28
1953,Percophis brasiliensis,1000,90876385.28
1953,Pogonias cromis,1100,90876385.28
1953,Rajiformes,500,90876385.28
1953,Scomber colias,13700,90876385.28
1953,Zygochlamys patagonica,1100,90876385.28
1954,Artemesia longinaris,300,90771157.85
1954,Brevoortia aurea,500,90771157.85
1954,Callorhinchus callorynchus,400,90771157.85
1954,Cynoscion guatucupa,800,90771157.85
1954,Elasmobranchii,2800,90771157.85
1954,Galeorhinus galeus,2000,90771157.85
1954,Pagrus pagrus,700,90771157.85
1954,Percophis brasiliensis,200,90771157.85
1954,Pogonias cromis,500,90771157.85
1954,Rajiformes,500,90771157.85
1954,Scomber colias,14400,90771157.85
1954,Zygochlamys patagonica,500,90771157.85
1955,Artemesia longinaris,600,92464346.38
1955,Brevoortia aurea,1000,92464346.38
1955,Callorhinchus callorynchus,200,92464346.38
1955,Cynoscion guatucupa,600,92464346.38
1955,Elasmobranchii,2800,92464346.38
1955,Galeorhinus galeus,2000,92464346.38
1955,Pagrus pagrus,600,92464346.38
1955,Percophis brasiliensis,600,92464346.38
1955,Pogonias cromis,800,92464346.38
1955,Rajiformes,500,92464346.38
1955,Scomber colias,14300,92464346.38
1955,Zygochlamys patagonica,0,92464346.38
1956,Artemesia longinaris,600,98220534.48
1956,Brevoortia aurea,1000,98220534.48
1956,Callorhinchus callorynchus,400,98220534.48
1956,Cynoscion guatucupa,700,98220534.48
1956,Elasmobranchii,3800,98220534.48
1956,Galeorhinus galeus,3300,98220534.48
1956,Pagrus pagrus,800,98220534.48
1956,Percophis brasiliensis,1500,98220534.48
1956,Pogonias cromis,800,98220534.48
1956,Rajiformes,1100,98220534.48
1956,Scomber colias,10400,98220534.48
1956,Zygochlamys patagonica,0,98220534.48
1957,Artemesia longinaris,200,104623485.3
1957,Brevoortia aurea,2000,104623485.3
1957,Callorhinchus callorynchus,400,104623485.3
1957,Cynoscion guatucupa,700,104623485.3
1957,Elasmobranchii,3800,104623485.3
1957,Galeorhinus galeus,3600,104623485.3
1957,Pagrus pagrus,1000,104623485.3
1957,Percophis brasiliensis,1500,104623485.3
1957,Pogonias cromis,800,104623485.3
1957,Rajiformes,1100,104623485.3
1957,Scomber colias,19300,104623485.3
1957,Zygochlamys patagonica,0,104623485.3
1958,Artemesia longinaris,300,102912538.4
1958,Brevoortia aurea,2300,102912538.4
1958,Callorhinchus callorynchus,600,102912538.4
1958,Cynoscion guatucupa,1000,102912538.4
1958,Elasmobranchii,4000,102912538.4
1958,Galeorhinus galeus,4000,102912538.4
1958,Pagrus pagrus,1600,102912538.4
1958,Percophis brasiliensis,300,102912538.4
1958,Pogonias cromis,800,102912538.4
1958,Rajiformes,1200,102912538.4
1958,Scomber colias,13500,102912538.4
1958,Zygochlamys patagonica,0,102912538.4
1959,Artemesia longinaris,300,114871696.4
1959,Brevoortia aurea,2700,114871696.4
1959,Callorhinchus callorynchus,600,114871696.4
1959,Cynoscion guatucupa,1000,114871696.4
1959,Elasmobranchii,3600,114871696.4
1959,Galeorhinus galeus,3200,114871696.4
1959,Pagrus pagrus,1700,114871696.4
1959,Percophis brasiliensis,600,114871696.4
1959,Pogonias cromis,1000,114871696.4
1959,Rajiformes,1300,114871696.4
1959,Scomber colias,9900,114871696.4
1959,Zygochlamys patagonica,0,114871696.4
1960,Artemesia longinaris,300,122550042.3
1960,Brevoortia aurea,2300,122550042.3
1960,Callorhinchus callorynchus,500,122550042.3
1960,Cynoscion guatucupa,1000,122550042.3
1960,Elasmobranchii,5100,122550042.3
1960,Galeorhinus galeus,1900,122550042.3
1960,Pagrus pagrus,1500,122550042.3
1960,Percophis brasiliensis,500,122550042.3
1960,Pogonias cromis,1000,122550042.3
1960,Rajiformes,1300,122550042.3
1960,Scomber colias,15100,122550042.3
1960,Zygochlamys patagonica,0,122550042.3
1961,Artemesia longinaris,500,123863618
1961,Brevoortia aurea,3000,123863618
1961,Callorhinchus callorynchus,600,123863618
1961,Cynoscion guatucupa,1000,123863618
1961,Elasmobranchii,5000,123863618
1961,Galeorhinus galeus,1300,123863618
1961,Pagrus pagrus,1300,123863618
1961,Percophis brasiliensis,500,123863618
1961,Pogonias cromis,1700,123863618
1961,Rajiformes,1600,123863618
1961,Scomber colias,9900,123863618
1961,Zygochlamys patagonica,0,123863618
1962,Artemesia longinaris,400,131380061.8
1962,Brevoortia aurea,1200,131380061.8
1962,Callorhinchus callorynchus,600,131380061.8
1962,Cynoscion guatucupa,1000,131380061.8
1962,Elasmobranchii,6300,131380061.8
1962,Galeorhinus galeus,400,131380061.8
1962,Pagrus pagrus,1400,131380061.8
1962,Percophis brasiliensis,3000,131380061.8
1962,Pogonias cromis,2100,131380061.8
1962,Rajiformes,2300,131380061.8
1962,Scomber colias,8600,131380061.8
1962,Zygochlamys patagonica,100,131380061.8
1963,Artemesia longinaris,400,134886157.3
1963,Brevoortia aurea,1500,134886157.3
1963,Callorhinchus callorynchus,600,134886157.3
1963,Cynoscion guatucupa,1000,134886157.3
1963,Elasmobranchii,6000,134886157.3
1963,Galeorhinus galeus,1500,134886157.3
1963,Pagrus pagrus,1700,134886157.3
1963,Percophis brasiliensis,4000,134886157.3
1963,Pogonias cromis,1500,134886157.3
1963,Rajiformes,3900,134886157.3
1963,Scomber colias,13100,134886157.3
1963,Zygochlamys patagonica,600,134886157.3
1964,Artemesia longinaris,400,142278286.1
1964,Brevoortia aurea,1600,142278286.1
1964,Callorhinchus callorynchus,1000,142278286.1
1964,Cynoscion guatucupa,2400,142278286.1
1964,Elasmobranchii,8400,142278286.1
1964,Galeorhinus galeus,600,142278286.1
1964,Pagrus pagrus,2200,142278286.1
1964,Percophis brasiliensis,2300,142278286.1
1964,Pogonias cromis,1600,142278286.1
1964,Rajiformes,4500,142278286.1
1964,Scomber colias,11800,142278286.1
1964,Zygochlamys patagonica,800,142278286.1
1965,Artemesia longinaris,400,151428270.6
1965,Brevoortia aurea,1300,151428270.6
1965,Callorhinchus callorynchus,800,151428270.6
1965,Cynoscion guatucupa,2300,151428270.6
1965,Elasmobranchii,9400,151428270.6
1965,Galeorhinus galeus,800,151428270.6
1965,Pagrus pagrus,2100,151428270.6
1965,Percophis brasiliensis,2100,151428270.6
1965,Pogonias cromis,1000,151428270.6
1965,Rajiformes,3200,151428270.6
1965,Scomber colias,11400,151428270.6
1965,Zygochlamys patagonica,400,151428270.6
1966,Artemesia longinaris,200,156633095.2
1966,Brevoortia aurea,1700,156633095.2
1966,Callorhinchus callorynchus,900,156633095.2
1966,Cynoscion guatucupa,2900,156633095.2
1966,Elasmobranchii,9300,156633095.2
1966,Galeorhinus galeus,600,156633095.2
1966,Pagrus pagrus,3100,156633095.2
1966,Percophis brasiliensis,2700,156633095.2
1966,Pogonias cromis,600,156633095.2
1966,Rajiformes,3700,156633095.2
1966,Scomber colias,17400,156633095.2
1966,Zygochlamys patagonica,200,156633095.2
1967,Artemesia longinaris,400,157822009.6
1967,Brevoortia aurea,2000,157822009.6
1967,Callorhinchus callorynchus,600,157822009.6
1967,Cynoscion guatucupa,7000,157822009.6
1967,Elasmobranchii,10900,157822009.6
1967,Galeorhinus galeus,600,157822009.6
1967,Pagrus pagrus,2500,157822009.6
1967,Percophis brasiliensis,3700,157822009.6
1967,Pogonias cromis,1100,157822009.6
1967,Rajiformes,5100,157822009.6
1967,Scomber colias,16100,157822009.6
1967,Zygochlamys patagonica,600,157822009.6
1968,Artemesia longinaris,600,166629780.7
1968,Brevoortia aurea,1400,166629780.7
1968,Callorhinchus callorynchus,600,166629780.7
1968,Cynoscion guatucupa,5100,166629780.7
1968,Elasmobranchii,10400,166629780.7
1968,Galeorhinus galeus,500,166629780.7
1968,Pagrus pagrus,2700,166629780.7
1968,Percophis brasiliensis,3700,166629780.7
1968,Pogonias cromis,1100,166629780.7
1968,Rajiformes,6100,166629780.7
1968,Scomber colias,20300,166629780.7
1968,Zygochlamys patagonica,1100,166629780.7
1969,Artemesia longinaris,400,143108741.7
1969,Brevoortia aurea,2000,143108741.7
1969,Callorhinchus callorynchus,400,143108741.7
1969,Cynoscion guatucupa,5400,143108741.7
1969,Elasmobranchii,10600,143108741.7
1969,Galeorhinus galeus,1000,143108741.7
1969,Pagrus pagrus,1800,143108741.7
1969,Percophis brasiliensis,2400,143108741.7
1969,Pogonias cromis,1600,143108741.7
1969,Rajiformes,4000,143108741.7
1969,Scomber colias,14600,143108741.7
1969,Zygochlamys patagonica,7500,143108741.7
1970,Artemesia longinaris,300,146743541.5
1970,Brevoortia aurea,1600,146743541.5
1970,Callorhinchus callorynchus,300,146743541.5
1970,Cynoscion guatucupa,4300,146743541.5
1970,Elasmobranchii,11900,146743541.5
1970,Galeorhinus galeus,600,146743541.5
1970,Pagrus pagrus,2100,146743541.5
1970,Percophis brasiliensis,2600,146743541.5
1970,Pogonias cromis,1700,146743541.5
1970,Rajiformes,4400,146743541.5
1970,Scomber colias,12200,146743541.5
1970,Zygochlamys patagonica,14000,146743541.5
1971,Artemesia longinaris,600,152254139.1
1971,Brevoortia aurea,2500,152254139.1
1971,Callorhinchus callorynchus,300,152254139.1
1971,Cynoscion guatucupa,2400,152254139.1
1971,Elasmobranchii,11800,152254139.1
1971,Galeorhinus galeus,900,152254139.1
1971,Pagrus pagrus,1900,152254139.1
1971,Percophis brasiliensis,2900,152254139.1
1971,Pogonias cromis,1700,152254139.1
1971,Rajiformes,5800,152254139.1
1971,Scomber colias,16200,152254139.1
1971,Zygochlamys patagonica,5900,152254139.1
1972,Artemesia longinaris,400,158936149.6
1972,Brevoortia aurea,6300,158936149.6
1972,Callorhinchus callorynchus,300,158936149.6
1972,Cynoscion guatucupa,4600,158936149.6
1972,Elasmobranchii,7300,158936149.6
1972,Galeorhinus galeus,700,158936149.6
1972,Pagrus pagrus,1600,158936149.6
1972,Percophis brasiliensis,3200,158936149.6
1972,Pogonias cromis,1300,158936149.6
1972,Rajiformes,5600,158936149.6
1972,Scomber colias,8900,158936149.6
1972,Zygochlamys patagonica,1700,158936149.6
1973,Artemesia longinaris,500,153978225.2
1973,Brevoortia aurea,11400,153978225.2
1973,Callorhinchus callorynchus,1200,153978225.2
1973,Cynoscion guatucupa,5700,153978225.2
1973,Elasmobranchii,11900,153978225.2
1973,Galeorhinus galeus,400,153978225.2
1973,Pagrus pagrus,3600,153978225.2
1973,Percophis brasiliensis,4000,153978225.2
1973,Pogonias cromis,1300,153978225.2
1973,Rajiformes,16600,153978225.2
1973,Scomber colias,17300,153978225.2
1973,Zygochlamys patagonica,0,153978225.2
1974,Artemesia longinaris,400,160476953
1974,Brevoortia aurea,8246,160476953
1974,Callorhinchus callorynchus,700,160476953
1974,Cynoscion guatucupa,3900,160476953
1974,Elasmobranchii,12603,160476953
1974,Galeorhinus galeus,100,160476953
1974,Pagrus pagrus,1600,160476953
1974,Percophis brasiliensis,3900,160476953
1974,Pogonias cromis,3401,160476953
1974,Rajiformes,10901,160476953
1974,Scomber colias,9166,160476953
1974,Zygochlamys patagonica,0,160476953
1975,Artemesia longinaris,120,167681521.1
1975,Brevoortia aurea,5825,167681521.1
1975,Callorhinchus callorynchus,767,167681521.1
1975,Cynoscion guatucupa,1974,167681521.1
1975,Elasmobranchii,13317,167681521.1
1975,Galeorhinus galeus,554,167681521.1
1975,Pagrus pagrus,2109,167681521.1
1975,Percophis brasiliensis,1842,167681521.1
1975,Pogonias cromis,5281,167681521.1
1975,Rajiformes,10275,167681521.1
1975,Scomber colias,9542,167681521.1
1975,Zygochlamys patagonica,1141,167681521.1
1976,Artemesia longinaris,255,168713823.5
1976,Brevoortia aurea,1865,168713823.5
1976,Callorhinchus callorynchus,895,168713823.5
1976,Cynoscion guatucupa,4034,168713823.5
1976,Elasmobranchii,13216,168713823.5
1976,Galeorhinus galeus,199,168713823.5
1976,Pagrus pagrus,3005,168713823.5
1976,Percophis brasiliensis,2670,168713823.5
1976,Pogonias cromis,2309,168713823.5
1976,Rajiformes,5775,168713823.5
1976,Scomber colias,4724,168713823.5
1976,Zygochlamys patagonica,857,168713823.5
1977,Artemesia longinaris,521,198333225.9
1977,Brevoortia aurea,3843,198333225.9
1977,Callorhinchus callorynchus,1064,198333225.9
1977,Cynoscion guatucupa,2064,198333225.9
1977,Elasmobranchii,10488,198333225.9
1977,Galeorhinus galeus,0,198333225.9
1977,Pagrus pagrus,8293,198333225.9
1977,Percophis brasiliensis,4709,198333225.9
1977,Pogonias cromis,3246,198333225.9
1977,Rajiformes,6104,198333225.9
1977,Scomber colias,7399,198333225.9
1977,Zygochlamys patagonica,88,198333225.9
1978,Artemesia longinaris,200,183049256
1978,Brevoortia aurea,3731,183049256
1978,Callorhinchus callorynchus,1093,183049256
1978,Cynoscion guatucupa,3601,183049256
1978,Elasmobranchii,8115,183049256
1978,Galeorhinus galeus,32,183049256
1978,Pagrus pagrus,13415,183049256
1978,Percophis brasiliensis,4078,183049256
1978,Pogonias cromis,2610,183049256
1978,Rajiformes,8007,183049256
1978,Scomber colias,7055,183049256
1978,Zygochlamys patagonica,69,183049256
1979,Artemesia longinaris,48,189657672.9
1979,Brevoortia aurea,3588,189657672.9
1979,Callorhinchus callorynchus,1244,189657672.9
1979,Cynoscion guatucupa,5897,189657672.9
1979,Elasmobranchii,17809,189657672.9
1979,Galeorhinus galeus,20,189657672.9
1979,Pagrus pagrus,10300,189657672.9
1979,Percophis brasiliensis,2897,189657672.9
1979,Pogonias cromis,1223,189657672.9
1979,Rajiformes,7766,189657672.9
1979,Scomber colias,10231,189657672.9
1979,Zygochlamys patagonica,25,189657672.9
1980,Artemesia longinaris,74,194351022.1
1980,Brevoortia aurea,4221,194351022.1
1980,Callorhinchus callorynchus,1687,194351022.1
1980,Cynoscion guatucupa,9010,194351022.1
1980,Elasmobranchii,17146,194351022.1
1980,Galeorhinus galeus,7,194351022.1
1980,Pagrus pagrus,9595,194351022.1
1980,Percophis brasiliensis,2686,194351022.1
1980,Pogonias cromis,906,194351022.1
1980,Rajiformes,8810,194351022.1
1980,Scomber colias,11384,194351022.1
1980,Zygochlamys patagonica,8,194351022.1
1981,Artemesia longinaris,114,207822785.6
1981,Brevoortia aurea,3198,207822785.6
1981,Callorhinchus callorynchus,1221,207822785.6
1981,Cynoscion guatucupa,8272,207822785.6
1981,Elasmobranchii,20552,207822785.6
1981,Galeorhinus galeus,29,207822785.6
1981,Pagrus pagrus,16220,207822785.6
1981,Percophis brasiliensis,2731,207822785.6
1981,Pogonias cromis,910,207822785.6
1981,Rajiformes,4869,207822785.6
1981,Scomber colias,19305,207822785.6
1981,Zygochlamys patagonica,5,207822785.6
1982,Artemesia longinaris,147,201096361.8
1982,Brevoortia aurea,2687,201096361.8
1982,Callorhinchus callorynchus,1882,201096361.8
1982,Cynoscion guatucupa,15025,201096361.8
1982,Elasmobranchii,25243,201096361.8
1982,Galeorhinus galeus,31,201096361.8
1982,Pagrus pagrus,9147,201096361.8
1982,Percophis brasiliensis,3494,201096361.8
1982,Pogonias cromis,1037,201096361.8
1982,Rajiformes,5085,201096361.8
1982,Scomber colias,34259,201096361.8
1982,Zygochlamys patagonica,27,201096361.8
1983,Artemesia longinaris,314,223092822.9
1983,Brevoortia aurea,2348,223092822.9
1983,Callorhinchus callorynchus,1408,223092822.9
1983,Cynoscion guatucupa,7132,223092822.9
1983,Elasmobranchii,22921,223092822.9
1983,Galeorhinus galeus,6,223092822.9
1983,Pagrus pagrus,7495,223092822.9
1983,Percophis brasiliensis,2084,223092822.9
1983,Pogonias cromis,935,223092822.9
1983,Rajiformes,5537,223092822.9
1983,Scomber colias,27017,223092822.9
1983,Zygochlamys patagonica,1824,223092822.9
1984,Artemesia longinaris,124,283299329.2
1984,Brevoortia aurea,6077,283299329.2
1984,Callorhinchus callorynchus,722,283299329.2
1984,Cynoscion guatucupa,3463,283299329.2
1984,Elasmobranchii,20234,283299329.2
1984,Galeorhinus galeus,5,283299329.2
1984,Pagrus pagrus,6684,283299329.2
1984,Percophis brasiliensis,2116,283299329.2
1984,Pogonias cromis,852,283299329.2
1984,Rajiformes,5976,283299329.2
1984,Scomber colias,71968,283299329.2
1984,Zygochlamys patagonica,2151,283299329.2
1985,Artemesia longinaris,429,257125540.8
1985,Brevoortia aurea,3645,257125540.8
1985,Callorhinchus callorynchus,1262,257125540.8
1985,Cynoscion guatucupa,8132,257125540.8
1985,Elasmobranchii,23905,257125540.8
1985,Galeorhinus galeus,48,257125540.8
1985,Pagrus pagrus,6376,257125540.8
1985,Percophis brasiliensis,1640,257125540.8
1985,Pogonias cromis,704,257125540.8
1985,Rajiformes,7039,257125540.8
1985,Scomber colias,48903,257125540.8
1985,Zygochlamys patagonica,1086,257125540.8
1986,Artemesia longinaris,211,264494847.7
1986,Brevoortia aurea,7830,264494847.7
1986,Callorhinchus callorynchus,782,264494847.7
1986,Cynoscion guatucupa,12513,264494847.7
1986,Elasmobranchii,21382,264494847.7
1986,Galeorhinus galeus,1,264494847.7
1986,Pagrus pagrus,2870,264494847.7
1986,Percophis brasiliensis,2323,264494847.7
1986,Pogonias cromis,1546,264494847.7
1986,Rajiformes,8026,264494847.7
1986,Scomber colias,40719,264494847.7
1986,Zygochlamys patagonica,88,264494847.7
1987,Artemesia longinaris,295,455031657.6
1987,Brevoortia aurea,4150,455031657.6
1987,Callorhinchus callorynchus,684,455031657.6
1987,Cynoscion guatucupa,10347,455031657.6
1987,Elasmobranchii,23398,455031657.6
1987,Galeorhinus galeus,15,455031657.6
1987,Pagrus pagrus,4106,455031657.6
1987,Percophis brasiliensis,2255,455031657.6
1987,Pogonias cromis,1182,455031657.6
1987,Rajiformes,8051,455031657.6
1987,Scomber colias,9948,455031657.6
1987,Zygochlamys patagonica,288,455031657.6
1988,Artemesia longinaris,338,336498445.1
1988,Brevoortia aurea,3801,336498445.1
1988,Callorhinchus callorynchus,921,336498445.1
1988,Cynoscion guatucupa,17684,336498445.1
1988,Elasmobranchii,20707,336498445.1
1988,Galeorhinus galeus,175,336498445.1
1988,Pagrus pagrus,5860,336498445.1
1988,Percophis brasiliensis,3255,336498445.1
1988,Pogonias cromis,935,336498445.1
1988,Rajiformes,8705,336498445.1
1988,Scomber colias,9635,336498445.1
1988,Zygochlamys patagonica,128,336498445.1
1989,Artemesia longinaris,177,411552574.3
1989,Brevoortia aurea,4221,411552574.3
1989,Callorhinchus callorynchus,779,411552574.3
1989,Cynoscion guatucupa,10082,411552574.3
1989,Elasmobranchii,21049,411552574.3
1989,Galeorhinus galeus,38,411552574.3
1989,Pagrus pagrus,5807,411552574.3
1989,Percophis brasiliensis,4242,411552574.3
1989,Pogonias cromis,1088,411552574.3
1989,Rajiformes,10289,411552574.3
1989,Scomber colias,13150,411552574.3
1989,Zygochlamys patagonica,6688,411552574.3
1990,Artemesia longinaris,197,427607687.2
1990,Brevoortia aurea,3675,427607687.2
1990,Callorhinchus callorynchus,850,427607687.2
1990,Cynoscion guatucupa,9488,427607687.2
1990,Elasmobranchii,21357,427607687.2
1990,Galeorhinus galeus,67,427607687.2
1990,Pagrus pagrus,2928,427607687.2
1990,Percophis brasiliensis,3832,427607687.2
1990,Pogonias cromis,817,427607687.2
1990,Rajiformes,6426,427607687.2
1990,Scomber colias,8966,427607687.2
1990,Zygochlamys patagonica,3536,427607687.2
1991,Artemesia longinaris,149,465274590.5
1991,Brevoortia aurea,3743,465274590.5
1991,Callorhinchus callorynchus,646,465274590.5
1991,Cynoscion guatucupa,5319,465274590.5
1991,Elasmobranchii,21012,465274590.5
1991,Galeorhinus galeus,88,465274590.5
1991,Pagrus pagrus,3122,465274590.5
1991,Percophis brasiliensis,4636,465274590.5
1991,Pogonias cromis,1018,465274590.5
1991,Rajiformes,13003,465274590.5
1991,Scomber colias,11465,465274590.5
1991,Zygochlamys patagonica,48,465274590.5
1992,Artemesia longinaris,382,429570484.9
1992,Brevoortia aurea,3777,429570484.9
1992,Callorhinchus callorynchus,488,429570484.9
1992,Cynoscion guatucupa,10173,429570484.9
1992,Elasmobranchii,17608,429570484.9
1992,Galeorhinus galeus,58,429570484.9
1992,Pagrus pagrus,3131,429570484.9
1992,Percophis brasiliensis,3838,429570484.9
1992,Pogonias cromis,1104,429570484.9
1992,Rajiformes,8767,429570484.9
1992,Scomber colias,10148,429570484.9
1992,Zygochlamys patagonica,1272,429570484.9
1993,Artemesia longinaris,200,436909573.8
1993,Brevoortia aurea,3537,436909573.8
1993,Callorhinchus callorynchus,715,436909573.8
1993,Cynoscion guatucupa,6407,436909573.8
1993,Elasmobranchii,14076,436909573.8
1993,Galeorhinus galeus,230,436909573.8
1993,Pagrus pagrus,1694,436909573.8
1993,Percophis brasiliensis,5706,436909573.8
1993,Pogonias cromis,1139,436909573.8
1993,Rajiformes,9124,436909573.8
1993,Scomber colias,12055,436909573.8
1993,Zygochlamys patagonica,200,436909573.8
1994,Artemesia longinaris,216,434558159.6
1994,Brevoortia aurea,3983,434558159.6
1994,Callorhinchus callorynchus,1142,434558159.6
1994,Cynoscion guatucupa,15712,434558159.6
1994,Elasmobranchii,13169,434558159.6
1994,Galeorhinus galeus,75,434558159.6
1994,Pagrus pagrus,1633,434558159.6
1994,Percophis brasiliensis,6213,434558159.6
1994,Pogonias cromis,1001,434558159.6
1994,Rajiformes,14179,434558159.6
1994,Scomber colias,15648,434558159.6
1994,Zygochlamys patagonica,0,434558159.6
1995,Artemesia longinaris,250,525556321.2
1995,Brevoortia aurea,11427,525556321.2
1995,Callorhinchus callorynchus,921,525556321.2
1995,Cynoscion guatucupa,19218,525556321.2
1995,Elasmobranchii,13260,525556321.2
1995,Galeorhinus galeus,104,525556321.2
1995,Pagrus pagrus,1298,525556321.2
1995,Percophis brasiliensis,9320,525556321.2
1995,Pogonias cromis,652,525556321.2
1995,Rajiformes,19030,525556321.2
1995,Scomber colias,21496,525556321.2
1995,Zygochlamys patagonica,12640,525556321.2
1996,Artemesia longinaris,263,475651261.5
1996,Brevoortia aurea,6721,475651261.5
1996,Callorhinchus callorynchus,815,475651261.5
1996,Cynoscion guatucupa,18971,475651261.5
1996,Elasmobranchii,10674,475651261.5
1996,Galeorhinus galeus,93,475651261.5
1996,Pagrus pagrus,2475,475651261.5
1996,Percophis brasiliensis,9231,475651261.5
1996,Pogonias cromis,332,475651261.5
1996,Rajiformes,24406,475651261.5
1996,Scomber colias,16869,475651261.5
1996,Zygochlamys patagonica,24448,475651261.5
1997,Artemesia longinaris,178,477364321.9
1997,Brevoortia aurea,3289,477364321.9
1997,Callorhinchus callorynchus,1427,477364321.9
1997,Cynoscion guatucupa,24132,477364321.9
1997,Elasmobranchii,12501,477364321.9
1997,Galeorhinus galeus,1407,477364321.9
1997,Pagrus pagrus,2743,477364321.9
1997,Percophis brasiliensis,11887,477364321.9
1997,Pogonias cromis,163,477364321.9
1997,Rajiformes,23187,477364321.9
1997,Scomber colias,18779,477364321.9
1997,Zygochlamys patagonica,29152,477364321.9
1998,Artemesia longinaris,146,531652101
1998,Brevoortia aurea,3040,531652101
1998,Callorhinchus callorynchus,1828,531652101
1998,Cynoscion guatucupa,17093,531652101
1998,Elasmobranchii,12987,531652101
1998,Galeorhinus galeus,1523,531652101
1998,Pagrus pagrus,2026,531652101
1998,Percophis brasiliensis,10184,531652101
1998,Pogonias cromis,950,531652101
1998,Rajiformes,22256,531652101
1998,Scomber colias,12647,531652101
1998,Zygochlamys patagonica,27984,531652101
1999,Artemesia longinaris,37,541073385.4
1999,Brevoortia aurea,2407,541073385.4
1999,Callorhinchus callorynchus,2016,541073385.4
1999,Cynoscion guatucupa,11583,541073385.4
1999,Elasmobranchii,14542,541073385.4
1999,Galeorhinus galeus,1020,541073385.4
1999,Pagrus pagrus,3747,541073385.4
1999,Percophis brasiliensis,8607,541073385.4
1999,Pogonias cromis,195,541073385.4
1999,Rajiformes,25528,541073385.4
1999,Scomber colias,11772,541073385.4
1999,Zygochlamys patagonica,39416,541073385.4
2000,Artemesia longinaris,38,589375457.7
2000,Brevoortia aurea,1394,589375457.7
2000,Callorhinchus callorynchus,1441,589375457.7
2000,Cynoscion guatucupa,9433,589375457.7
2000,Elasmobranchii,14449,589375457.7
2000,Galeorhinus galeus,151,589375457.7
2000,Pagrus pagrus,2825,589375457.7
2000,Percophis brasiliensis,7862,589375457.7
2000,Pogonias cromis,357,589375457.7
2000,Rajiformes,27350,589375457.7
2000,Scomber colias,16499,589375457.7
2000,Zygochlamys patagonica,42274,589375457.7
2001,Artemesia longinaris,283,629274023.3
2001,Brevoortia aurea,609,629274023.3
2001,Callorhinchus callorynchus,461,629274023.3
2001,Cynoscion guatucupa,11844,629274023.3
2001,Elasmobranchii,12120,629274023.3
2001,Galeorhinus galeus,281,629274023.3
2001,Pagrus pagrus,2385,629274023.3
2001,Percophis brasiliensis,8957,629274023.3
2001,Pogonias cromis,388,629274023.3
2001,Rajiformes,30912,629274023.3
2001,Scomber colias,6182,629274023.3
2001,Zygochlamys patagonica,46598,629274023.3
2002,Artemesia longinaris,298,620836875.9
2002,Brevoortia aurea,828,620836875.9
2002,Callorhinchus callorynchus,568,620836875.9
2002,Cynoscion guatucupa,17249,620836875.9
2002,Elasmobranchii,11855,620836875.9
2002,Galeorhinus galeus,158,620836875.9
2002,Pagrus pagrus,2647,620836875.9
2002,Percophis brasiliensis,6180,620836875.9
2002,Pogonias cromis,537,620836875.9
2002,Rajiformes,30012,620836875.9
2002,Scomber colias,16628,620836875.9
2002,Zygochlamys patagonica,51415,620836875.9
2003,Artemesia longinaris,414,634585238.9
2003,Brevoortia aurea,1030,634585238.9
2003,Callorhinchus callorynchus,1715,634585238.9
2003,Cynoscion guatucupa,15663,634585238.9
2003,Elasmobranchii,10057,634585238.9
2003,Galeorhinus galeus,434,634585238.9
2003,Pagrus pagrus,3700,634585238.9
2003,Percophis brasiliensis,6982,634585238.9
2003,Pogonias cromis,853,634585238.9
2003,Rajiformes,34619,634585238.9
2003,Scomber colias,7207,634585238.9
2003,Zygochlamys patagonica,54071,634585238.9
2004,Artemesia longinaris,166,623318839.3
2004,Brevoortia aurea,1151,623318839.3
2004,Callorhinchus callorynchus,1646,623318839.3
2004,Cynoscion guatucupa,21859,623318839.3
2004,Elasmobranchii,10774,623318839.3
2004,Galeorhinus galeus,383,623318839.3
2004,Pagrus pagrus,4442,623318839.3
2004,Percophis brasiliensis,6797,623318839.3
2004,Pogonias cromis,634,623318839.3
2004,Rajiformes,37110,623318839.3
2004,Scomber colias,8450,623318839.3
2004,Zygochlamys patagonica,45654,623318839.3
2005,Artemesia longinaris,181,589840467
2005,Brevoortia aurea,1036,589840467
2005,Callorhinchus callorynchus,1875,589840467
2005,Cynoscion guatucupa,19386,589840467
2005,Elasmobranchii,12934,589840467
2005,Galeorhinus galeus,393,589840467
2005,Pagrus pagrus,5287,589840467
2005,Percophis brasiliensis,8479,589840467
2005,Pogonias cromis,703,589840467
2005,Rajiformes,39089,589840467
2005,Scomber colias,12461,589840467
2005,Zygochlamys patagonica,41365,589840467
2006,Artemesia longinaris,121,636838886.6
2006,Brevoortia aurea,986,636838886.6
2006,Callorhinchus callorynchus,1514,636838886.6
2006,Cynoscion guatucupa,20447,636838886.6
2006,Elasmobranchii,10371,636838886.6
2006,Galeorhinus galeus,368,636838886.6
2006,Pagrus pagrus,7101,636838886.6
2006,Percophis brasiliensis,9139,636838886.6
2006,Pogonias cromis,561,636838886.6
2006,Rajiformes,38554,636838886.6
2006,Scomber colias,12928,636838886.6
2006,Zygochlamys patagonica,81625,636838886.6
2007,Artemesia longinaris,104,706533079.7
2007,Brevoortia aurea,1558,706533079.7
2007,Callorhinchus callorynchus,1692,706533079.7
2007,Cynoscion guatucupa,18720,706533079.7
2007,Elasmobranchii,10138,706533079.7
2007,Galeorhinus galeus,206,706533079.7
2007,Pagrus pagrus,6559,706533079.7
2007,Percophis brasiliensis,8577,706533079.7
2007,Pogonias cromis,702,706533079.7
2007,Rajiformes,42046,706533079.7
2007,Scomber colias,18915,706533079.7
2007,Zygochlamys patagonica,53746,706533079.7
2008,Artemesia longinaris,367,681512921.2
2008,Brevoortia aurea,1046,681512921.2
2008,Callorhinchus callorynchus,2693,681512921.2
2008,Cynoscion guatucupa,20905,681512921.2
2008,Elasmobranchii,9933,681512921.2
2008,Galeorhinus galeus,159,681512921.2
2008,Pagrus pagrus,9336,681512921.2
2008,Percophis brasiliensis,8817,681512921.2
2008,Pogonias cromis,504,681512921.2
2008,Rajiformes,39615,681512921.2
2008,Scomber colias,18216,681512921.2
2008,Zygochlamys patagonica,58719,681512921.2
2009,Artemesia longinaris,221,779708895
2009,Brevoortia aurea,1170,779708895
2009,Callorhinchus callorynchus,2782,779708895
2009,Cynoscion guatucupa,19594,779708895
2009,Elasmobranchii,10892,779708895
2009,Galeorhinus galeus,275,779708895
2009,Pagrus pagrus,9967,779708895
2009,Percophis brasiliensis,8886,779708895
2009,Pogonias cromis,338,779708895
2009,Rajiformes,37116,779708895
2009,Scomber colias,18193,779708895
2009,Zygochlamys patagonica,80822,779708895
2010,Artemesia longinaris,104,791452719.6
2010,Brevoortia aurea,1027,791452719.6
2010,Callorhinchus callorynchus,2139,791452719.6
2010,Cynoscion guatucupa,18774,791452719.6
2010,Elasmobranchii,12235,791452719.6
2010,Galeorhinus galeus,233,791452719.6
2010,Pagrus pagrus,8339,791452719.6
2010,Percophis brasiliensis,8556,791452719.6
2010,Pogonias cromis,747,791452719.6
2010,Rajiformes,34593,791452719.6
2010,Scomber colias,32532,791452719.6
2010,Zygochlamys patagonica,50873,791452719.6
2011,Artemesia longinaris,3334,700787591.4
2011,Brevoortia aurea,880,700787591.4
2011,Callorhinchus callorynchus,2323,700787591.4
2011,Cynoscion guatucupa,19296,700787591.4
2011,Elasmobranchii,10808,700787591.4
2011,Galeorhinus galeus,263,700787591.4
2011,Pagrus pagrus,6058,700787591.4
2011,Percophis brasiliensis,8680,700787591.4
2011,Pogonias cromis,604,700787591.4
2011,Rajiformes,35876,700787591.4
2011,Scomber colias,32961,700787591.4
2011,Zygochlamys patagonica,47855,700787591.4
2012,Artemesia longinaris,3477,776345717.2
2012,Brevoortia aurea,1275,776345717.2
2012,Callorhinchus callorynchus,1603,776345717.2
2012,Cynoscion guatucupa,21292,776345717.2
2012,Elasmobranchii,12388,776345717.2
2012,Galeorhinus galeus,224,776345717.2
2012,Pagrus pagrus,5311,776345717.2
2012,Percophis brasiliensis,8967,776345717.2
2012,Pogonias cromis,1061,776345717.2
2012,Rajiformes,30288,776345717.2
2012,Scomber colias,25917,776345717.2
2012,Zygochlamys patagonica,36820,776345717.2
2013,Artemesia longinaris,3131,888489181.4
2013,Brevoortia aurea,1058,888489181.4
2013,Callorhinchus callorynchus,1312,888489181.4
2013,Cynoscion guatucupa,21634,888489181.4
2013,Elasmobranchii,10573,888489181.4
2013,Galeorhinus galeus,369,888489181.4
2013,Pagrus pagrus,6375,888489181.4
2013,Percophis brasiliensis,6951,888489181.4
2013,Pogonias cromis,857,888489181.4
2013,Rajiformes,28357.7,888489181.4
2013,Scomber colias,22582,888489181.4
2013,Zygochlamys patagonica,42202,888489181.4
2014,Artemesia longinaris,3188,870312037.2
2014,Brevoortia aurea,1375,870312037.2
2014,Callorhinchus callorynchus,921,870312037.2
2014,Cynoscion guatucupa,20731,870312037.2
2014,Elasmobranchii,11079,870312037.2
2014,Galeorhinus galeus,117,870312037.2
2014,Pagrus pagrus,5419,870312037.2
2014,Percophis brasiliensis,8697,870312037.2
2014,Pogonias cromis,1089,870312037.2
2014,Rajiformes,31511.1,870312037.2
2014,Scomber colias,12926,870312037.2
2014,Zygochlamys patagonica,33584,870312037.2
2015,Artemesia longinaris,2857,867873467.4
2015,Brevoortia aurea,893,867873467.4
2015,Callorhinchus callorynchus,2681,867873467.4
2015,Cynoscion guatucupa,22598,867873467.4
2015,Elasmobranchii,9901,867873467.4
2015,Galeorhinus galeus,62,867873467.4
2015,Pagrus pagrus,5584,867873467.4
2015,Percophis brasiliensis,9624,867873467.4
2015,Pogonias cromis,931,867873467.4
2015,Rajiformes,34798.7,867873467.4
2015,Scomber colias,23101,867873467.4
2015,Zygochlamys patagonica,31628,867873467.4
2016,Artemesia longinaris,2876,1094517356
2016,Brevoortia aurea,877,1094517356
2016,Callorhinchus callorynchus,1874,1094517356
2016,Cynoscion guatucupa,15687,1094517356
2016,Elasmobranchii,9853,1094517356
2016,Galeorhinus galeus,151,1094517356
2016,Pagrus pagrus,5053,1094517356
2016,Percophis brasiliensis,7923,1094517356
2016,Pogonias cromis,548,1094517356
2016,Rajiformes,30276.2,1094517356
2016,Scomber colias,16803,1094517356
2016,Zygochlamys patagonica,35544,1094517356
2017,Artemesia longinaris,2933,1094517356
2017,Brevoortia aurea,842,1094517356
2017,Callorhinchus callorynchus,881,1094517356
2017,Cynoscion guatucupa,17798,1094517356
2017,Elasmobranchii,10515,1094517356
2017,Galeorhinus galeus,27,1094517356
2017,Pagrus pagrus,5772,1094517356
2017,Percophis brasiliensis,7277,1094517356
2017,Pogonias cromis,680,1094517356
2017,Rajiformes,27662.7,1094517356
2017,Scomber colias,13698,1094517356
2017,Zygochlamys patagonica,39297,1094517356
2018,Artemesia longinaris,2856,1094517356
2018,Brevoortia aurea,839,1094517356
2018,Callorhinchus callorynchus,993,1094517356
2018,Cynoscion guatucupa,15138,1094517356
2018,Elasmobranchii,9832,1094517356
2018,Galeorhinus galeus,187,1094517356
2018,Pagrus pagrus,6502,1094517356
2018,Percophis brasiliensis,8312,1094517356
2018,Pogonias cromis,475,1094517356
2018,Rajiformes,25508.7,1094517356
2018,Scomber colias,10270,1094517356
2018,Zygochlamys patagonica,27390,1094517356
2019,Artemesia longinaris,2885,1094517356
2019,Brevoortia aurea,886,1094517356
2019,Callorhinchus callorynchus,1246,1094517356
2019,Cynoscion guatucupa,15669,1094517356
2019,Elasmobranchii,10033.33,1094517356
2019,Galeorhinus galeus,195,1094517356
2019,Pagrus pagrus,7381,1094517356
2019,Percophis brasiliensis,8678,1094517356
2019,Pogonias cromis,896,1094517356
2019,Rajiformes,20404.08,1094517356
2019,Scomber colias,12940,1094517356
2019,Zygochlamys patagonica,22451,1094517356
